{
    "name": "Meteorites",
    "children": [
      { 
        "name": "Chondrites",
        "children": [
          { "name": "Carbonaceous" },
          { "name": "Other" },
          { "name": "Ordinary" }
        ]
      },
      { 
        "name": "Achondrites",
        "children": [
          { "name": "HED" },
          { "name": "Lunar" },
          { "name": "Martian" },
          { "name": "Other" }
        ]
      },
      { 
        "name": "Metachondrites"
      },
      { 
        "name": "Stony-Iron"
      }
    ]
}